order_id,order_date,category,sub_category,region,segment,quantity,sales,discount,profit
5001,2024-09-04,Office Supplies,Paper,West,Consumer,2,940.8,0.15,-34.11
5002,2024-09-14,Furniture,Furnishings,WEST,Consumer,1,663.21,0,214.7
5003,2024-01-18,Technology,Phones,WEST,Consumer,5,576.05,0.1,-40.37
5004,2024-11-07,Furniture,Bookcases,SOUTH,Home Office,2,173.94,0.2,-16.5
5005,2024-06-15,Furniture,Tables,West,Corporate,3,2218.56,0,-0.26
5006,2024-08-11,Furniture,Tables,North,Home Office,4,1458.32,0.15,421.56
5007,2024-08-14,Furniture,Furnishings,South,Consumer,1,770.0,0,178.86
5008,2024-08-19,Technology,Machines,East,Home Office,5,1852.0,0.3,-133.79
5009,2024-05-21,Office Supplies,Art,NORTH,Home Office,3,2383.65,0.3,121.5
5010,2024-06-06,Technology,Copiers,EAST,Corporate,3,307.53,0,-12.58
5011,2024-02-06,Office Supplies,Paper,South,Corporate,2,654.6,0,190.94
5012,2024-07-08,Office Supplies,Storage,West,Home Office,1,75.56,0,-2.57
5013,2024-05-10,Furniture,Chairs,West,Consumer,1,125.08,0.15,3.68
5014,2024-10-21,Technology,Machines,South,Home Office,4,2377.72,0.1,641.48
5015,2024-08-21,Technology,Copiers,West,Consumer,2,118.36,0,40.52
5016,2024-02-01,Office Supplies,Paper,North,Consumer,3,388.5,0,126.06
5017,2024-07-05,Technology,Phones,North,Home Office,4,837.12,0,126.52
5018,2024-08-16,Office Supplies,Binders,North,Corporate,2,155.7,0,35.01
5019,2024-09-01,Technology,Machines,West,Consumer,1,761.28,0.15,19.98
5020,2024-12-28,Technology,Phones,East,Consumer,2,839.06,0,23.37
5021,2024-04-27,Furniture,Bookcases,South,Consumer,2,,0,-59.5
5022,2024-08-09,Office Supplies,Storage,North,Corporate,1,557.09,0,41.01
5023,2024-04-16,Technology,Machines,EAST,Consumer,1,276.81,0.1,40.37
5024,2024-11-03,Technology,Phones,West,Corporate,5,2659.3,0.1,577.16
5025,2024-06-03,Furniture,Furnishings,South,Home Office,5,3787.35,0.2,145.19
5026,2024-01-05,Office Supplies,Binders,south,Consumer,3,2174.49,0.3,270.83
5027,2024-03-01,Technology,Copiers,east,Home Office,1,641.49,0.2,89.73
5028,2024-04-01,Technology,Accessories,West,Consumer,2,356.2,0.15,-9.0
5029,2024-01-24,Technology,Machines,East,Consumer,2,1438.38,0.2,163.03
5030,2024-09-01,Technology,Copiers,South,Home Office,5,1788.5,0,275.92
5031,2024-02-18,Furniture,Tables,South,Home Office,1,267.53,0.15,26.23
5032,2024-01-25,Office Supplies,Binders,north,Corporate,1,411.09,0.15,-47.55
5033,2024-10-17,Furniture,Furnishings,East,Home Office,1,557.26,0.1,52.2
5034,2024-08-05,Office Supplies,Paper,East,Consumer,2,212.16,0.1,1.53
5035,2024-05-26,Technology,Accessories,WEST,Home Office,1,718.65,0,229.79
5036,2024-08-08,Technology,Machines,south,Consumer,4,3049.92,0.1,802.8
5037,2024-07-11,Furniture,Tables,South,Home Office,2,329.28,0,-34.21
5038,2024-12-01,Office Supplies,Binders,East,Corporate,2,543.76,0.15,-1.05
5039,2024-02-09,Furniture,Chairs,South,Consumer,2,82.54,0.3,-3.42
5040,2024-09-19,Furniture,Furnishings,East,Home Office,2,1126.66,0,-11.79
5041,2024-01-21,Technology,Accessories,West,Corporate,1,643.29,0,99.12
5042,2024-01-11,Furniture,Chairs,East,Corporate,3,1020.09,0,164.08
5043,2024-01-06,Furniture,Tables,North,Corporate,1,746.48,0.2,1.49
5044,2024-05-12,Furniture,Bookcases,West,Consumer,5,121.75,0,-16.01
5045,2024-02-22,Furniture,Tables,west,Corporate,5,2617.9,0.2,204.2
5046,2024-04-27,Office Supplies,Storage,South,Corporate,4,2343.16,0,
5047,2024-12-09,Office Supplies,Binders,SOUTH,Home Office,2,277.92,0,50.75
5048,2024-08-06,Office Supplies,Storage,South,Consumer,1,222.54,0,-4.09
5049,2024-04-12,Office Supplies,Storage,SOUTH,Corporate,1,10.84,0.1,-1.05
5050,2024-02-09,Office Supplies,Paper,South,Consumer,5,404.55,0.1,52.21
5051,2024-02-19,Office Supplies,Binders,East,Consumer,3,2052.21,0,366.88
5052,2024-03-10,Technology,Copiers,East,Corporate,4,1995.12,0,-255.59
5053,2024-10-27,Technology,Copiers,South,Home Office,5,3228.5,0.3,436.7
5054,2024-11-12,Technology,Accessories,NORTH,Consumer,1,307.53,0.1,35.78
5055,2024-08-26,Technology,Phones,South,Consumer,1,601.13,0.15,152.74
5056,2024-05-08,Furniture,Chairs,west,Consumer,4,2430.36,0,534.47
5057,2024-05-25,Office Supplies,Art,WEST,Home Office,1,497.41,0.2,-20.24
5058,2024-12-10,Technology,Accessories,east,Home Office,3,1375.59,0,125.47
5059,2024-08-10,Office Supplies,Storage,North,Home Office,4,1672.24,0.1,124.84
5060,2024-01-10,Furniture,Tables,East,Corporate,2,140.82,0.15,39.99
5061,2024-02-19,Office Supplies,Storage,west,Consumer,,121.98,0.15,-1.98
5062,2024-06-08,Office Supplies,Paper,East,Home Office,2,1438.38,0.1,60.9
5063,2024-05-24,Furniture,Chairs,West,Corporate,1,338.78,0.1,2.45
5064,2024-02-07,Office Supplies,Binders,East,Corporate,4,77.04,0.2,-0.31
5065,2024-02-12,Office Supplies,Binders,West,Home Office,2,1213.94,0.3,-106.96
5066,2024-04-09,Furniture,Chairs,East,Consumer,2,827.32,0,195.74
5067,2024-09-07,Office Supplies,Binders,West,Home Office,4,294.64,0.2,13.07
5068,2024-03-06,Technology,Accessories,East,Home Office,2,675.48,0,-0.75
5069,2024-08-18,Technology,Machines,West,Corporate,4,1286.2,0,220.72
5070,2024-06-25,Furniture,Tables,West,Corporate,2,695.32,0.15,-31.79
5071,2024-04-12,Furniture,Tables,East,Corporate,2,1298.78,0,381.36
5072,2024-04-13,Technology,Copiers,West,Home Office,2,554.36,0,54.92
5073,2024-11-26,Technology,Machines,South,Home Office,5,3402.1,0,-49.29
5074,2024-05-28,Furniture,Furnishings,West,Corporate,5,3497.9,0,-302.14
5075,2024-09-28,Office Supplies,Art,WEST,Corporate,2,1556.14,0,375.89
5076,2024-02-27,Furniture,Tables,South,Home Office,4,2255.16,0.3,366.87
5077,2024-04-19,Office Supplies,Binders,NORTH,Consumer,1,519.95,0,172.22
5078,2024-02-03,Technology,Machines,West,Consumer,2,848.6,0.15,-39.06
5079,2024-08-09,Office Supplies,Paper,NORTH,Corporate,2,1038.42,0,91.02
5080,2024-11-10,Furniture,Tables,North,Home Office,1,27.21,0.1,7.16
5081,2024-07-12,Technology,Copiers,north,Home Office,1,399.43,0.2,6.08
5082,2024-12-28,Office Supplies,Storage,west,Corporate,3,189.81,0.1,57.22
5083,2024-05-04,Office Supplies,Paper,South,Corporate,3,1204.95,0,359.36
5084,2024-07-02,Office Supplies,Art,North,Consumer,1,28.67,0.15,-1.93
5085,2024-06-24,Furniture,Chairs,South,Home Office,1,798.05,0,11.67
5086,2024-07-27,Furniture,Furnishings,North,Home Office,2,1576.28,0.1,-92.74
5087,2024-02-18,Furniture,Chairs,EAST,Corporate,5,869.25,0,203.72
5088,2024-04-12,Office Supplies,Art,NORTH,Corporate,3,2209.23,0,25.75
5089,2024-11-25,Technology,Copiers,North,Consumer,2,84.22,0,6.91
5090,2024-06-12,Furniture,Bookcases,South,Home Office,2,549.26,0.15,-59.86
5091,2024-10-26,Technology,Machines,east,Home Office,4,3030.92,0,-417.88
5092,2024-07-26,Furniture,Chairs,West,Corporate,2,1463.4,0.3,99.1
5093,2024-05-27,Office Supplies,Paper,North,Home Office,4,2482.08,0.15,-67.36
5094,2024-02-17,Office Supplies,Art,East,Home Office,1,319.43,0,-8.42
5095,2024-03-14,Furniture,Chairs,West,Corporate,1,790.38,0,128.28
5096,2024-08-06,Furniture,Chairs,West,Home Office,1,115.02,0.1,16.58
5097,2024-05-09,Technology,Accessories,North,Corporate,3,664.38,0,145.52
5098,2024-03-10,Furniture,Furnishings,south,Consumer,3,476.16,0,22.87
5099,2024-02-01,Furniture,Tables,North,Consumer,2,1414.86,0,382.41
5100,2024-04-20,Office Supplies,Binders,east,Consumer,5,2353.6,0,85.01
5101,2024-01-04,Furniture,Furnishings,,Home Office,4,1923.84,0.15,40.64
5102,2024-05-02,Furniture,Bookcases,EAST,Consumer,3,1765.38,0,454.36
5103,2024-02-07,Office Supplies,Art,east,Corporate,1,638.27,0.15,49.78
5104,2024-11-18,Office Supplies,Binders,West,Consumer,1,525.92,0.1,93.58
5105,2024-05-24,Office Supplies,Storage,East,Consumer,3,2124.36,0.1,111.32
5106,2024-01-14,Office Supplies,Paper,West,Consumer,1,344.77,0.3,-25.28
5107,2024-01-02,Technology,Machines,West,Consumer,3,367.71,0.3,78.48
5108,2024-03-17,Furniture,Bookcases,SOUTH,Corporate,1,741.14,0,31.03
5109,2024-08-11,Furniture,Bookcases,South,Consumer,1,490.04,0.2,17.23
5110,2024-04-27,Technology,Accessories,South,Home Office,2,309.08,0,-39.92
5111,2024-04-24,Technology,Accessories,West,Consumer,5,3594.3,0,1049.29
5112,2024-08-18,Technology,Phones,EAST,Home Office,5,2526.8,0,440.96
5113,2024-08-17,Office Supplies,Paper,West,Corporate,2,302.44,0,48.22
5114,2024-08-27,Office Supplies,Art,South,Home Office,1,650.32,0.1,-56.46
5115,2024-09-17,Furniture,Bookcases,West,Corporate,4,168.84,0.2,-11.46
5116,2024-07-21,Technology,Machines,NORTH,Home Office,5,587.95,0.3,-48.07
5117,2024-05-26,Technology,Phones,SOUTH,Corporate,5,702.2,0.3,103.49
5118,2024-03-11,Furniture,Chairs,East,Corporate,3,681.72,0.3,37.32
5119,2024-09-08,Office Supplies,Art,South,Home Office,2,608.18,0,-35.85
5120,2024-05-04,Furniture,Bookcases,East,Consumer,5,2146.35,0.2,479.31
5121,2024-07-24,Office Supplies,Binders,East,Home Office,5,1517.3,0.1,471.46
5122,2024-08-08,Technology,Accessories,East,Consumer,1,496.15,0,-0.9
5123,2024-11-11,Technology,Machines,East,Home Office,4,45.64,0,-1.79
5124,2024-03-16,Office Supplies,Art,West,Consumer,1,493.89,0,-68.58
5125,2024-09-08,Furniture,Bookcases,EAST,Corporate,2,942.08,0.15,-66.57
5126,2024-12-05,Office Supplies,Art,SOUTH,Consumer,2,171.38,0.2,-10.65
5127,2024-01-21,Technology,Machines,West,Consumer,5,2271.2,0,334.69
5128,2024-01-02,Technology,Copiers,west,Consumer,3,89.79,0,-2.8
5129,2024-04-05,Furniture,Chairs,North,Home Office,2,335.24,0.15,48.83
5130,2024-05-21,Technology,Copiers,South,Consumer,1,795.31,0.2,153.65
5131,2024-08-03,Technology,Phones,West,Home Office,4,2111.48,0,-78.18
5132,2024-06-24,Furniture,Bookcases,South,Consumer,4,3019.4,0,621.52
5133,2024-02-17,Office Supplies,Art,east,Consumer,1,144.12,0,39.04
5134,2024-06-20,Furniture,Tables,east,Corporate,1,309.76,0.3,35.85
5135,2024-01-28,Technology,Copiers,West,Home Office,1,355.4,0.2,-9.41
5136,2024-10-06,Office Supplies,Paper,West,Consumer,1,36.0,0,-3.48
5137,2024-01-05,Furniture,Bookcases,South,Consumer,4,2073.6,0,411.62
5138,2024-04-27,Technology,Phones,North,Corporate,5,2158.9,0.2,-202.12
5139,2024-02-02,Technology,Copiers,north,Consumer,1,759.91,0.3,120.68
5140,2024-11-07,Furniture,Bookcases,WEST,Consumer,2,524.24,0.1,-9.16
5141,2024-06-25,Office Supplies,Storage,EAST,Corporate,3,1223.85,0.3,-5.29
5142,2024-02-12,Technology,Phones,WEST,Home Office,2,1133.36,0.15,128.17
5143,2024-09-07,Technology,Phones,east,Consumer,2,1224.24,0,-180.97
5144,2024-08-19,Office Supplies,Binders,West,Consumer,2,1532.38,0.15,-25.68
5145,2024-08-06,Furniture,Bookcases,South,Consumer,1,751.58,0.3,-57.64
5146,2024-07-24,Technology,Phones,East,Corporate,1,343.48,0.2,-37.76
5147,2024-09-06,Furniture,Bookcases,East,Home Office,2,1572.2,0.2,-41.77
5148,2024-09-05,Office Supplies,Paper,North,Corporate,5,3380.25,0.2,343.08
5149,2024-10-08,Office Supplies,Paper,West,Corporate,1,273.9,0.2,64.11
5150,2024-10-05,Furniture,Tables,East,Home Office,4,532.92,0,112.76
5151,2024-05-24,Technology,Machines,south,Consumer,1,140.04,0.2,-11.11
5152,2024-05-14,Office Supplies,Paper,South,Home Office,2,329.98,0.2,80.7
5153,2024-07-28,Office Supplies,Paper,West,Consumer,5,1774.3,0,177.86
5154,2024-10-24,Technology,Machines,WEST,Corporate,2,28.72,0,8.73
5155,2024-11-23,Office Supplies,Art,South,Home Office,3,2050.29,0.2,-97.18
5156,2024-12-04,Furniture,Furnishings,West,Home Office,2,402.98,0.1,74.92
5157,2024-08-01,Technology,Accessories,East,Corporate,3,2064.72,0.15,329.28
5158,2024-02-02,Furniture,Bookcases,North,Corporate,2,878.5,0,182.82
5159,2024-09-07,Furniture,Bookcases,North,Corporate,4,1543.32,0,261.79
5160,2024-04-22,Office Supplies,Storage,West,Corporate,1,320.07,0.3,70.88
5161,2024-07-02,Technology,Machines,north,Corporate,1,69.4,0.1,10.26
5162,2024-12-13,Technology,Machines,EAST,Corporate,3,2332.47,0.3,539.5
5163,2024-11-07,Office Supplies,Paper,SOUTH,Consumer,2,1034.68,0.2,-30.63
5164,2024-09-21,Furniture,Bookcases,West,Corporate,1,626.08,0.1,15.42
5165,2024-11-06,Furniture,Bookcases,West,Corporate,2,24.26,0.2,4.84
5166,2024-07-20,Office Supplies,Paper,East,Corporate,4,309.92,0,-22.82
5167,2024-06-26,Office Supplies,Art,NORTH,Home Office,1,429.21,0,71.5
5168,2024-05-09,Furniture,Chairs,South,Home Office,3,270.57,0,74.97
5169,2024-07-26,Furniture,Furnishings,East,Consumer,3,427.95,0.2,52.79
5170,2024-09-03,Furniture,Bookcases,South,Consumer,4,2692.12,0.2,627.46
5171,2024-08-16,Technology,Phones,East,Consumer,3,168.54,0.1,45.92
5172,2024-10-28,Technology,Copiers,South,Home Office,4,60.88,0.3,0.44
5173,2024-07-14,Technology,Copiers,East,Corporate,4,278.24,0.2,6.72
5174,2024-12-11,Technology,Phones,North,Home Office,5,3927.75,0.15,307.44
5175,2024-03-11,Furniture,Chairs,South,Home Office,1,690.74,0,14.27
5176,2024-05-18,Technology,Accessories,East,Corporate,1,663.11,0,18.29
5177,2024-09-12,Office Supplies,Art,East,Corporate,1,527.1,0.3,-33.59
5178,2024-02-26,Furniture,Bookcases,EAST,Home Office,1,325.11,0.15,80.91
5179,2024-01-07,Technology,Phones,West,Consumer,5,3689.65,0.15,730.71
5180,2024-12-20,Furniture,Furnishings,South,Home Office,4,302.28,0,55.47
5181,2024-07-25,Office Supplies,Paper,North,Consumer,1,732.13,0.2,-83.92
5182,2024-07-02,Furniture,Bookcases,East,Consumer,2,52.22,0.15,7.58
5183,2024-10-23,Furniture,Furnishings,North,Corporate,2,725.42,0,137.82
5184,2024-02-03,Technology,Accessories,West,Home Office,4,1532.12,0,250.42
5185,2024-02-07,Office Supplies,Binders,North,Consumer,5,529.3,0.1,-67.22
5186,2024-01-12,Technology,Accessories,West,Consumer,5,3001.6,0.2,666.95
5187,2024-08-15,Technology,Phones,East,Home Office,4,2986.2,0,916.05
5188,2024-11-27,Furniture,Chairs,NORTH,Home Office,3,218.85,0,1.37
5189,2024-06-19,Technology,Accessories,West,Corporate,4,1426.36,0.2,-76.18
5190,2024-08-13,Furniture,Bookcases,South,Corporate,5,3155.65,0,764.65
5191,2024-11-23,Technology,Machines,east,Home Office,5,3318.25,0,944.97
5192,2024-10-14,Technology,Phones,South,Corporate,1,307.57,0.2,9.37
5193,2024-05-09,Furniture,Furnishings,East,Corporate,2,268.5,0.3,43.54
5194,2024-03-09,Furniture,Bookcases,South,Home Office,5,3199.2,0.15,522.98
5195,2024-07-07,Office Supplies,Storage,North,Corporate,5,3013.25,0,14.27
5196,2024-10-25,Furniture,Furnishings,West,Corporate,1,635.42,0.1,68.79
5197,2024-09-09,Technology,Machines,north,Home Office,5,2111.35,0.1,195.88
5198,2024-12-10,Furniture,Tables,south,Consumer,2,933.02,0,47.81
5199,2024-06-28,Technology,Accessories,SOUTH,Corporate,1,303.62,0.1,66.59
5200,2024-10-01,Furniture,Bookcases,North,Home Office,1,36.53,0.3,7.24
5201,2024-07-04,Office Supplies,Paper,East,Corporate,2,1232.26,0.3,133.15
5202,2024-07-03,Furniture,Bookcases,North,Consumer,1,50.29,0.15,1.49
5203,2024-10-21,Technology,Copiers,West,Consumer,2,1477.0,0.2,389.51
5204,2024-09-13,Office Supplies,Storage,South,Home Office,1,364.19,0,12.91
5205,2024-06-02,Furniture,Tables,SOUTH,Corporate,3,2173.83,0.3,471.04
5206,2024-01-07,Office Supplies,Art,NORTH,Corporate,4,2404.4,0.15,297.84
5207,2024-07-04,Technology,Phones,West,Corporate,2,780.48,0,55.17
5208,2024-01-06,Furniture,Chairs,West,Consumer,5,921.2,0.15,221.89
5209,2024-01-21,Technology,Accessories,West,Corporate,1,367.34,0,4.14
5210,2024-06-08,Furniture,Furnishings,North,Consumer,4,219.24,0.2,13.28
5211,2024-04-05,Furniture,Furnishings,south,Corporate,1,224.17,0.3,-0.27
5212,2024-08-04,Furniture,Bookcases,WEST,Corporate,1,783.11,0,129.61
5213,2024-05-25,Technology,Accessories,West,Consumer,1,776.85,0.1,241.57
5214,2024-03-02,Furniture,Tables,North,Corporate,5,2919.55,0,-227.21
5215,2024-09-05,Technology,Phones,West,Corporate,2,23.04,0.3,5.19
5216,2024-04-09,Office Supplies,Paper,East,Corporate,3,458.22,0.3,-19.22
5217,2024-10-24,Furniture,Tables,South,Consumer,2,1222.82,0,-57.45
5218,2024-12-24,Technology,Accessories,east,Consumer,3,997.26,0.2,245.82
5219,2024-08-03,Technology,Machines,east,Home Office,1,333.52,0.3,20.62
5220,2024-01-06,Technology,Machines,south,Corporate,4,1212.88,0.15,287.67
5221,2024-04-27,Office Supplies,Art,NORTH,Home Office,5,3468.6,0,830.95
5222,2024-08-15,Office Supplies,Binders,East,Home Office,3,90.78,0.3,7.54
5223,2024-03-04,Furniture,Tables,north,Consumer,2,415.72,0.3,95.36
5224,2024-11-19,Furniture,Chairs,south,Home Office,2,846.2,0.2,48.81
5225,2024-08-16,Office Supplies,Binders,SOUTH,Consumer,3,1216.8,0,-115.57
5226,2024-04-05,Furniture,Furnishings,South,Consumer,4,1850.16,0.2,71.5
5227,2024-09-02,Furniture,Furnishings,West,Home Office,2,1553.38,0,370.41
5228,2024-07-27,Office Supplies,Art,South,Home Office,3,1936.38,0,498.66
5229,2024-06-08,Technology,Phones,East,Home Office,5,1717.45,0.2,-198.16
5230,2024-09-22,Furniture,Tables,North,Consumer,1,188.13,0.1,56.7
5231,2024-10-09,Office Supplies,Binders,NORTH,Home Office,4,2010.16,0.2,194.79
5232,2024-07-08,Furniture,Chairs,EAST,Consumer,1,237.14,0,5.64
5233,2024-05-03,Furniture,Chairs,North,Home Office,2,952.6,0,66.67
5234,2024-05-09,Technology,Accessories,East,Home Office,1,591.39,0.2,58.27
5235,2024-06-15,Office Supplies,Paper,west,Home Office,3,749.76,0.1,57.01
5236,2024-09-18,Office Supplies,Binders,South,Consumer,2,1551.98,0.1,-201.22
5237,2024-08-09,Office Supplies,Paper,South,Corporate,2,1407.82,0,-3.16
5238,2024-08-22,Furniture,Tables,North,Corporate,1,418.43,0.3,20.49
5239,2024-12-05,Technology,Phones,South,Home Office,2,552.48,0,-44.11
5240,2024-08-09,Furniture,Bookcases,North,Home Office,5,2541.15,0.2,624.82
5241,2024-10-04,Furniture,Furnishings,NORTH,Home Office,2,648.04,0.15,-41.41
5242,2024-08-10,Office Supplies,Binders,West,Home Office,4,1154.28,0,52.34
5243,2024-08-13,Technology,Copiers,EAST,Home Office,2,494.04,0.15,0.85
5244,2024-06-11,Furniture,Furnishings,West,Consumer,5,2451.95,0,807.63
5245,2024-10-16,Furniture,Furnishings,NORTH,Corporate,2,1474.1,0.3,6.41
5246,2024-01-20,Technology,Copiers,West,Corporate,4,1149.48,0,216.38
5247,2024-07-21,Technology,Accessories,North,Home Office,3,2230.35,0,646.62
5248,2024-10-11,Office Supplies,Art,West,Home Office,4,1715.24,0.3,-124.72
5249,2024-09-06,Office Supplies,Storage,East,Corporate,1,528.18,0,102.97
5250,2024-04-17,Technology,Copiers,South,Home Office,1,335.69,0,55.41
5251,2024-11-24,Technology,Phones,East,Home Office,1,556.47,0,135.68
5252,2024-10-01,Office Supplies,Binders,East,Consumer,4,133.32,0,13.19
5253,2024-10-04,Technology,Machines,South,Corporate,1,133.85,0.3,9.81
5254,2024-08-27,Furniture,Chairs,north,Home Office,2,988.54,0.3,173.1
5255,2024-06-09,Technology,Phones,EAST,Consumer,1,35.98,0.2,-2.89
5256,2024-07-01,Technology,Phones,east,Home Office,1,183.84,0.1,23.38
5257,2024-04-02,Furniture,Furnishings,North,Consumer,1,745.35,0.3,-32.99
5258,2024-08-03,Furniture,Furnishings,East,Corporate,1,545.05,0.2,91.23
5259,2024-08-01,Furniture,Furnishings,East,Home Office,5,3479.45,0,-220.13
5260,2024-07-18,Office Supplies,Art,SOUTH,Corporate,2,201.52,0.15,48.95
5261,2024-06-18,Office Supplies,Art,North,Corporate,1,316.02,0.1,-2.33
5262,2024-06-26,Furniture,Furnishings,north,Consumer,1,201.02,0,-20.84
5263,2024-03-12,Office Supplies,Paper,West,Consumer,2,362.04,0.1,12.53
5264,2024-04-08,Technology,Accessories,East,Home Office,5,1838.15,0,590.13
5265,2024-10-17,Office Supplies,Art,East,Corporate,1,109.16,0.3,-6.77
5266,2024-01-22,Technology,Phones,East,Corporate,4,1833.88,0,-261.33
5267,2024-06-07,Technology,Phones,South,Consumer,4,2856.56,0,374.2
5268,2024-02-08,Office Supplies,Storage,SOUTH,Corporate,2,219.28,0.2,8.68
5269,2024-03-09,Office Supplies,Art,West,Home Office,1,33.36,0.2,6.66
5270,2024-12-15,Technology,Machines,WEST,Home Office,1,799.95,0.1,18.76
5271,2024-10-24,Technology,Phones,south,Corporate,1,572.94,0,29.98
5272,2024-03-13,Technology,Accessories,west,Corporate,4,163.96,0,27.01
5273,2024-07-22,Furniture,Tables,West,Corporate,4,1857.88,0,-174.76
5274,2024-10-23,Technology,Machines,North,Home Office,1,779.56,0.2,-58.88
5275,2024-07-23,Office Supplies,Paper,East,Consumer,4,1283.88,0.2,161.94
5276,2024-08-11,Furniture,Bookcases,North,Corporate,4,1629.72,0.2,345.49
5277,2024-07-22,Technology,Copiers,North,Consumer,3,2036.37,0.3,-122.84
5278,2024-11-08,Furniture,Chairs,east,Consumer,3,646.86,0,-42.68
5279,2024-03-05,Office Supplies,Art,north,Corporate,4,2274.04,0.2,166.26
5280,2024-03-21,Technology,Accessories,North,Corporate,2,1122.92,0,328.28
5281,2024-09-14,Furniture,Tables,East,Consumer,5,3767.8,0.2,552.41
5282,2024-12-10,Technology,Copiers,West,Consumer,1,294.78,0,-37.82
5283,2024-08-04,Office Supplies,Storage,SOUTH,Corporate,1,266.33,0.1,32.26
5284,2024-08-03,Office Supplies,Paper,NORTH,Corporate,4,2306.16,0.2,243.21
5285,2024-06-01,Furniture,Furnishings,West,Home Office,2,1472.9,0.2,-8.26
5286,2024-01-01,Technology,Machines,SOUTH,Home Office,5,1611.35,0,-2.97
5287,2024-12-20,Furniture,Tables,North,Corporate,2,619.42,0.2,130.16
5288,2024-05-08,Office Supplies,Paper,EAST,Corporate,1,42.59,0.15,9.1
5289,2024-07-16,Technology,Copiers,North,Corporate,4,537.64,0,81.35
5290,2024-03-15,Technology,Phones,South,Consumer,4,3104.6,0,1054.07
5291,2024-01-02,Office Supplies,Art,south,Corporate,5,2462.4,0.3,419.65
5292,2024-09-23,Office Supplies,Paper,EAST,Consumer,2,1427.18,0,98.97
5293,2024-08-26,Technology,Accessories,South,Consumer,3,1630.38,0.15,-72.47
5294,2024-11-28,Furniture,Bookcases,West,Home Office,1,779.75,0.15,106.0
5295,2024-06-16,Furniture,Bookcases,East,Corporate,4,2085.64,0,589.47
5296,2024-08-23,Technology,Phones,south,Home Office,1,126.07,0.15,3.86
5297,2024-08-13,Technology,Copiers,East,Home Office,2,200.52,0,67.03
5298,2024-11-04,Furniture,Chairs,South,Corporate,1,429.31,0,87.81
5299,2024-02-24,Furniture,Furnishings,South,Home Office,3,2184.93,0.15,-204.08
5300,2024-09-17,Office Supplies,Binders,WEST,Home Office,4,2689.8,0,439.24
5301,2024-09-06,Technology,Phones,West,Corporate,1,454.8,0.3,-32.93
5302,2024-01-01,Office Supplies,Binders,west,Corporate,4,1918.0,0,153.16
5303,2024-10-28,Furniture,Tables,West,Consumer,1,454.74,0.2,103.82
5304,2024-11-01,Furniture,Bookcases,East,Home Office,5,1059.7,0,38.69
5305,2024-06-04,Technology,Machines,WEST,Home Office,2,887.16,0.3,94.1
5306,2024-08-01,Furniture,Tables,East,Home Office,5,3955.5,0.1,-331.83
5307,2024-03-05,Furniture,Furnishings,NORTH,Corporate,3,2236.71,0.3,303.09
5308,2024-05-15,Office Supplies,Paper,East,Home Office,1,29.56,0,2.77
5309,2024-11-22,Office Supplies,Binders,NORTH,Home Office,3,960.39,0.1,288.49
5310,2024-09-03,Technology,Copiers,west,Home Office,2,540.26,0,3.04
5311,2024-12-15,Furniture,Chairs,south,Corporate,2,931.72,0.1,267.25
5312,2024-04-01,Office Supplies,Binders,East,Corporate,1,372.93,0.15,-40.36
5313,2024-09-09,Furniture,Tables,East,Consumer,2,918.96,0.15,111.08
5314,2024-11-19,Furniture,Chairs,North,Corporate,4,352.8,0.3,-2.27
5315,2024-12-12,Furniture,Tables,North,Corporate,3,2052.09,0,51.74
5316,2024-11-11,Technology,Copiers,EAST,Corporate,5,1951.8,0,579.88
5317,2024-11-15,Furniture,Bookcases,SOUTH,Consumer,2,723.92,0.15,145.33
5318,2024-05-24,Furniture,Chairs,South,Corporate,3,1336.5,0,-151.36
5319,2024-08-12,Furniture,Chairs,South,Corporate,5,2776.6,0.2,631.18
5320,2024-05-18,Furniture,Furnishings,East,Corporate,1,609.21,0.2,-7.79
5321,2024-04-20,Technology,Phones,SOUTH,Corporate,2,1385.24,0.2,-111.06
5322,2024-02-26,Furniture,Chairs,South,Consumer,5,3508.3,0,735.01
5323,2024-11-11,Furniture,Tables,East,Consumer,1,177.66,0,50.43
5324,2024-03-02,Furniture,Furnishings,West,Corporate,5,1686.35,0,-179.43
5325,2024-05-15,Technology,Machines,West,Corporate,5,103.7,0,13.7
5326,2024-06-06,Office Supplies,Binders,West,Home Office,1,24.7,0,-1.94
5327,2024-11-19,Furniture,Bookcases,East,Home Office,5,2242.25,0.2,611.14
5328,2024-12-16,Technology,Machines,South,Corporate,5,174.95,0.2,0.65
5329,2024-05-05,Technology,Copiers,East,Home Office,2,34.28,0.1,-3.09
5330,2024-01-20,Office Supplies,Paper,South,Consumer,1,106.56,0.15,9.14
5331,2024-12-05,Technology,Accessories,East,Corporate,1,697.96,0.3,151.81
5332,2024-08-28,Furniture,Chairs,East,Consumer,2,356.76,0,107.21
5333,2024-02-22,Office Supplies,Art,South,Consumer,4,88.76,0.3,10.73
5334,2024-07-13,Office Supplies,Storage,north,Corporate,4,2021.72,0,-272.22
5335,2024-04-11,Furniture,Bookcases,west,Corporate,5,1731.15,0,-1.33
5336,2024-03-27,Office Supplies,Paper,South,Corporate,2,466.46,0,-69.05
5337,2024-08-07,Furniture,Tables,East,Home Office,3,153.54,0.3,-4.85
5338,2024-03-14,Technology,Machines,North,Corporate,5,602.2,0,115.97
5339,2024-03-17,Furniture,Tables,NORTH,Corporate,4,1151.28,0.3,-52.89
5340,2024-11-23,Technology,Copiers,North,Home Office,2,1413.48,0,201.61
5341,2024-04-19,Furniture,Chairs,NORTH,Home Office,2,1123.5,0.2,-125.86
5342,2024-03-17,Office Supplies,Binders,NORTH,Corporate,2,24.06,0,4.64
5343,2024-06-07,Furniture,Chairs,East,Consumer,5,3871.65,0,835.11
5344,2024-01-07,Office Supplies,Paper,north,Consumer,3,143.43,0.3,12.88
5345,2024-11-15,Office Supplies,Storage,North,Consumer,3,698.67,0,136.34
5346,2024-07-13,Technology,Machines,West,Home Office,1,315.79,0.1,82.66
5347,2024-12-20,Furniture,Chairs,South,Corporate,4,1231.2,0,323.53
5348,2024-12-02,Technology,Phones,North,Consumer,2,1116.82,0,214.9
5349,2024-08-24,Office Supplies,Storage,West,Consumer,4,2736.96,0.15,49.27
5350,2024-07-12,Technology,Copiers,South,Home Office,4,242.6,0.15,-3.46
5351,2024-11-08,Technology,Machines,North,Home Office,3,1843.98,0,561.26
5352,2024-02-25,Office Supplies,Storage,West,Consumer,3,892.92,0,101.56
5353,2024-08-06,Office Supplies,Paper,south,Home Office,4,3033.68,0.3,630.73
5354,2024-02-14,Furniture,Bookcases,West,Corporate,1,565.07,0.1,-50.14
5355,2024-07-10,Office Supplies,Storage,West,Corporate,2,1118.12,0.1,168.37
5356,2024-06-16,Technology,Accessories,SOUTH,Consumer,3,1594.83,0.15,47.97
5357,2024-01-19,Office Supplies,Art,EAST,Consumer,2,111.22,0,0.36
5358,2024-08-03,Technology,Machines,east,Corporate,3,1537.65,0.3,-113.64
5359,2024-01-23,Furniture,Furnishings,East,Corporate,2,613.64,0,126.57
5360,2024-06-08,Office Supplies,Art,West,Corporate,2,1362.52,0,425.66
5361,2024-02-03,Furniture,Bookcases,North,Corporate,5,1809.8,0.1,183.91
5362,2024-08-23,Office Supplies,Binders,North,Corporate,5,1772.7,0.1,-98.73
5363,2024-01-22,Furniture,Furnishings,West,Home Office,1,594.95,0.1,64.7
5364,2024-02-03,Technology,Machines,East,Corporate,1,679.83,0.15,149.51
5365,2024-10-15,Furniture,Furnishings,North,Consumer,1,660.95,0,135.84
5366,2024-07-27,Office Supplies,Binders,West,Consumer,1,698.83,0,7.16
5367,2024-09-09,Furniture,Chairs,South,Corporate,1,257.3,0,46.82
5368,2024-05-08,Office Supplies,Art,West,Corporate,5,1551.9,0.1,388.73
5369,2024-09-21,Office Supplies,Storage,SOUTH,Consumer,2,1493.28,0.2,112.88
5370,2024-04-15,Technology,Accessories,East,Corporate,4,1797.36,0,385.77
5371,2024-01-09,Furniture,Chairs,West,Corporate,1,638.91,0,-31.77
5372,2024-04-07,Furniture,Furnishings,West,Corporate,1,152.31,0.3,18.09
5373,2024-03-01,Furniture,Tables,North,Corporate,4,1812.96,0.3,-86.22
5374,2024-03-25,Furniture,Bookcases,South,Consumer,4,693.84,0,57.47
5375,2024-05-23,Furniture,Chairs,North,Home Office,2,1103.74,0,313.56
5376,2024-05-25,Technology,Accessories,north,Corporate,1,701.03,0.3,4.6
5377,2024-09-27,Technology,Accessories,East,Corporate,1,130.0,0.3,16.62
5378,2024-11-10,Furniture,Furnishings,North,Consumer,1,527.31,0.2,-43.54
5379,2024-07-04,Office Supplies,Paper,South,Home Office,1,664.51,0,118.78
5380,2024-08-03,Furniture,Chairs,East,Consumer,1,392.95,0.3,0.41
5381,2024-04-19,Technology,Phones,SOUTH,Corporate,2,71.2,0.15,-6.03
5382,2024-05-02,Furniture,Bookcases,South,Home Office,1,273.18,0.1,22.26
5383,2024-02-24,Office Supplies,Storage,SOUTH,Corporate,3,1108.32,0.2,111.53
5384,2024-09-19,Furniture,Furnishings,WEST,Consumer,1,336.28,0.2,-22.6
5385,2024-12-06,Technology,Machines,North,Home Office,2,288.12,0,4.56
5386,2024-02-08,Technology,Copiers,EAST,Consumer,1,130.93,0,15.45
5387,2024-09-02,Furniture,Bookcases,west,Home Office,3,637.26,0,-5.26
5388,2024-09-17,Technology,Accessories,South,Home Office,1,713.58,0,-69.3
5389,2024-02-25,Furniture,Furnishings,South,Consumer,1,131.39,0,45.87
5390,2024-02-22,Office Supplies,Art,north,Consumer,3,545.76,0,80.58
5391,2024-02-02,Technology,Phones,SOUTH,Corporate,1,498.42,0.2,-24.98
5392,2024-10-06,Office Supplies,Storage,North,Corporate,1,260.81,0.1,57.11
5393,2024-11-06,Furniture,Chairs,SOUTH,Home Office,1,640.15,0.3,-35.77
5394,2024-01-26,Furniture,Tables,East,Consumer,2,79.62,0.15,16.22
5395,2024-06-26,Furniture,Chairs,South,Consumer,2,165.98,0.2,44.57
5396,2024-08-05,Technology,Accessories,West,Home Office,2,1328.92,0,401.86
5397,2024-09-10,Technology,Copiers,South,Home Office,4,3076.56,0.15,464.44
5398,2024-04-08,Technology,Phones,North,Corporate,1,474.22,0.15,-12.77
5399,2024-11-22,Office Supplies,Binders,West,Corporate,5,3769.75,0.3,104.26
5400,2024-05-01,Furniture,Tables,East,Corporate,2,792.7,0,258.02
5401,2024-03-11,Office Supplies,Art,West,Corporate,3,536.37,0,25.17
5402,2024-03-23,Office Supplies,Binders,East,Corporate,2,663.76,0.15,143.06
5403,2024-07-09,Furniture,Tables,North,Consumer,2,1533.18,0,-101.64
5404,2024-10-07,Office Supplies,Art,East,Home Office,5,3331.0,0,151.45
5405,2024-08-19,Furniture,Chairs,SOUTH,Consumer,5,2645.75,0.2,55.35
5406,2024-11-14,Furniture,Furnishings,South,Corporate,1,416.28,0,29.99
5407,2024-11-13,Office Supplies,Storage,East,Home Office,3,1946.55,0,590.96
5408,2024-01-27,Office Supplies,Art,East,Consumer,4,416.2,0.1,27.67
5409,2024-08-05,Technology,Accessories,WEST,Corporate,1,762.85,0,-59.3
5410,2024-11-09,Technology,Phones,west,Home Office,4,2449.36,0,579.12
5411,2024-11-13,Furniture,Furnishings,West,Home Office,2,1541.58,0.2,37.15
5412,2024-01-26,Office Supplies,Storage,South,Corporate,3,852.96,0,-42.31
5413,2024-11-10,Furniture,Tables,East,Consumer,1,473.95,0.1,101.75
5414,2024-04-20,Office Supplies,Paper,East,Corporate,2,1486.32,0.1,-128.13
5415,2024-05-04,Office Supplies,Storage,West,Corporate,1,741.38,0.15,47.34
5416,2024-09-16,Office Supplies,Paper,EAST,Corporate,4,1805.64,0.2,80.69
5417,2024-09-26,Furniture,Bookcases,West,Corporate,2,1365.24,0,-27.49
5418,2024-05-08,Furniture,Chairs,East,Corporate,1,701.72,0,159.2
5419,2024-11-06,Technology,Copiers,North,Consumer,4,2043.16,0.2,-148.88
5420,2024-06-12,Office Supplies,Art,East,Corporate,5,783.65,0.3,-42.95
5421,2024-11-03,Technology,Copiers,EAST,Corporate,2,125.52,0,34.64
5422,2024-12-09,Technology,Accessories,West,Home Office,5,3386.95,0.3,655.52
5423,2024-09-04,Furniture,Tables,South,Consumer,2,1440.12,0.2,385.88
5424,2024-12-13,Technology,Copiers,EAST,Home Office,3,2154.15,0.2,-200.5
5425,2024-02-12,Technology,Machines,South,Corporate,4,1838.0,0.3,-142.38
5426,2024-04-01,Furniture,Chairs,North,Corporate,2,1014.2,0,74.48
5427,2024-01-02,Technology,Phones,West,Home Office,3,1990.92,0,182.89
5428,2024-04-18,Office Supplies,Storage,East,Consumer,5,3290.9,0,887.56
5429,2024-09-09,Technology,Phones,South,Consumer,2,611.56,0.2,-6.43
5430,2024-07-08,Furniture,Chairs,West,Home Office,4,2781.8,0,701.25
5431,2024-10-05,Technology,Machines,EAST,Corporate,2,737.28,0.2,171.16
5432,2024-02-13,Technology,Copiers,South,Consumer,1,233.24,0,-26.07
5433,2024-12-07,Technology,Phones,West,Home Office,5,1099.15,0.15,212.8
5434,2024-07-01,Office Supplies,Binders,NORTH,Consumer,5,3461.05,0.2,619.34
5435,2024-11-11,Technology,Machines,East,Home Office,2,503.08,0,110.52
5436,2024-08-25,Technology,Machines,West,Home Office,1,280.92,0.3,-14.37
5437,2024-08-27,Office Supplies,Art,North,Corporate,1,681.48,0.15,76.29
5438,2024-01-07,Technology,Copiers,South,Home Office,4,919.48,0.3,219.01
5439,2024-03-05,Office Supplies,Art,South,Corporate,1,97.79,0.2,11.16
5440,2024-08-25,Office Supplies,Binders,North,Consumer,1,171.13,0.15,17.03
5441,2024-08-25,Furniture,Bookcases,East,Corporate,4,2896.8,0,-81.96
5442,2024-04-15,Office Supplies,Art,NORTH,Consumer,2,923.86,0.2,142.41
5443,2024-07-21,Office Supplies,Binders,North,Consumer,4,2763.56,0,575.96
5444,2024-10-13,Office Supplies,Art,SOUTH,Corporate,1,562.79,0.3,135.29
5445,2024-04-21,Furniture,Chairs,West,Home Office,4,2383.48,0,-68.38
5446,2024-04-08,Furniture,Chairs,North,Corporate,5,2703.95,0.15,389.16
5447,2024-08-25,Office Supplies,Storage,north,Consumer,1,610.01,0.2,-49.64
5448,2024-01-03,Furniture,Tables,EAST,Corporate,5,167.35,0.2,34.9
5449,2024-05-15,Technology,Phones,North,Home Office,2,1079.72,0.15,204.2
5450,2024-11-24,Furniture,Tables,west,Home Office,1,540.67,0,84.53
5451,2024-02-03,Furniture,Bookcases,NORTH,Consumer,2,452.92,0,104.72
5452,2024-02-03,Furniture,Furnishings,East,Consumer,1,99.8,0.2,18.66
5453,2024-10-21,Furniture,Furnishings,West,Home Office,1,733.96,0.2,132.7
5454,2024-11-22,Furniture,Chairs,North,Consumer,1,681.48,0.1,153.68
5455,2024-03-09,Furniture,Tables,East,Home Office,5,1237.1,0,-168.03
5456,2024-11-16,Office Supplies,Binders,South,Home Office,5,2511.05,0.3,610.17
5457,2024-01-11,Office Supplies,Storage,SOUTH,Home Office,1,439.74,0,136.52
5458,2024-09-06,Office Supplies,Binders,South,Consumer,1,37.95,0.3,0.18
5459,2024-08-06,Technology,Machines,EAST,Consumer,1,429.43,0.2,62.44
5460,2024-05-25,Furniture,Furnishings,North,Consumer,1,574.29,0.1,107.46
5461,2024-05-25,Furniture,Furnishings,South,Home Office,2,412.62,0,136.29
5462,2024-11-24,Furniture,Tables,East,Home Office,3,366.6,0,54.6
5463,2024-02-18,Technology,Copiers,EAST,Home Office,1,68.02,0,-5.37
5464,2024-03-04,Furniture,Furnishings,East,Corporate,2,499.0,0.1,89.09
5465,2024-06-11,Furniture,Furnishings,North,Corporate,5,863.9,0.1,205.56
5466,2024-06-09,Furniture,Chairs,South,Home Office,3,53.25,0,-6.05
5467,2024-01-05,Furniture,Tables,East,Consumer,2,173.42,0,7.2
5468,2024-01-09,Technology,Phones,SOUTH,Corporate,5,3726.4,0,118.56
5469,2024-05-12,Technology,Accessories,South,Home Office,2,282.64,0.2,-21.31
5470,2024-04-21,Furniture,Tables,East,Consumer,1,710.43,0.3,20.93
5471,2024-01-04,Office Supplies,Paper,west,Consumer,4,1232.64,0,-40.18
5472,2024-08-18,Furniture,Furnishings,West,Consumer,4,1595.2,0.1,-130.81
5473,2024-02-07,Office Supplies,Paper,South,Consumer,1,220.21,0.1,16.76
5474,2024-12-07,Office Supplies,Binders,North,Corporate,3,1478.4,0.3,39.44
5475,2024-09-28,Furniture,Furnishings,north,Consumer,2,355.56,0,31.53
5476,2024-11-11,Office Supplies,Art,SOUTH,Corporate,1,172.21,0.2,33.69
5477,2024-09-01,Furniture,Chairs,West,Consumer,4,2103.4,0.15,538.75
5478,2024-08-22,Technology,Copiers,North,Consumer,3,360.15,0,-27.91
5479,2024-03-23,Office Supplies,Binders,East,Home Office,1,22.37,0.1,6.06
5480,2024-08-05,Furniture,Furnishings,South,Corporate,5,806.55,0.2,4.52
5481,2024-01-12,Furniture,Chairs,WEST,Consumer,2,388.3,0.1,12.88
5482,2024-04-27,Technology,Copiers,South,Consumer,2,339.02,0.3,18.58
5483,2024-07-22,Furniture,Bookcases,North,Corporate,4,112.52,0,26.44
5484,2024-10-15,Furniture,Chairs,South,Corporate,2,907.76,0.2,31.43
5485,2024-03-05,Office Supplies,Paper,north,Corporate,3,350.58,0,102.81
5486,2024-10-27,Furniture,Tables,South,Consumer,2,1268.22,0,373.09
5487,2024-12-14,Technology,Accessories,South,Corporate,1,50.76,0.3,-3.48
5488,2024-03-14,Furniture,Bookcases,north,Consumer,1,428.21,0.3,0.04
5489,2024-09-19,Technology,Phones,west,Home Office,4,2571.36,0.15,723.86
5490,2024-10-13,Furniture,Furnishings,North,Corporate,1,688.96,0,118.32
5491,2024-12-24,Office Supplies,Storage,East,Consumer,1,503.16,0.1,-19.85
5492,2024-12-21,Office Supplies,Binders,West,Home Office,1,377.75,0,91.73
5493,2024-09-14,Furniture,Furnishings,North,Consumer,2,1539.32,0.2,-41.56
5494,2024-03-08,Technology,Machines,West,Corporate,4,719.24,0,-67.21
5495,2024-02-16,Technology,Accessories,West,Home Office,3,1106.28,0,153.2
5496,2024-12-01,Office Supplies,Storage,West,Corporate,4,2176.04,0,102.31
5497,2024-10-25,Furniture,Bookcases,South,Home Office,1,301.68,0.3,0.09
5498,2024-10-02,Office Supplies,Paper,North,Home Office,1,718.7,0.15,71.73
5499,2024-03-03,Technology,Machines,NORTH,Consumer,4,826.6,0,-28.94
5500,2024-02-07,Office Supplies,Paper,NORTH,Consumer,1,381.2,0,42.38
5501,2024-06-02,Office Supplies,Storage,West,Corporate,1,218.55,0,-22.8
5502,2024-06-11,Technology,Phones,EAST,Home Office,3,1195.56,0,182.43
5503,2024-07-10,Technology,Phones,South,Corporate,4,92.56,0,23.01
5504,2024-12-15,Office Supplies,Binders,North,Consumer,5,1900.3,0.3,-45.73
5505,2024-10-07,Furniture,Furnishings,WEST,Consumer,1,673.56,0.1,-17.91
5506,2024-04-24,Office Supplies,Art,East,Consumer,1,184.57,0,-8.17
5507,2024-05-22,Technology,Copiers,South,Consumer,2,227.34,0,-8.38
5508,2024-05-02,Office Supplies,Storage,West,Home Office,5,2456.4,0,-8.03
5509,2024-04-15,Office Supplies,Paper,south,Home Office,1,166.19,0,40.3
5510,2024-02-22,Technology,Machines,West,Consumer,1,502.75,0.1,41.52
5511,2024-12-14,Office Supplies,Paper,West,Corporate,5,2835.4,0.15,176.95
5512,2024-02-21,Technology,Machines,NORTH,Corporate,2,230.22,0.3,54.89
5513,2024-01-10,Technology,Accessories,North,Home Office,4,256.6,0.3,32.38
5514,2024-02-23,Office Supplies,Art,NORTH,Home Office,4,201.88,0,61.55
5515,2024-03-27,Technology,Accessories,North,Corporate,3,1460.7,0.1,-86.03
5516,2024-02-08,Furniture,Furnishings,West,Corporate,2,1555.36,0,-162.0
5517,2024-10-26,Technology,Copiers,west,Consumer,2,1218.84,0.1,228.19
5518,2024-02-28,Technology,Accessories,South,Corporate,5,2076.55,0.3,-37.85
5519,2024-06-11,Office Supplies,Art,South,Home Office,1,586.21,0.3,8.54
5520,2024-10-12,Furniture,Furnishings,North,Consumer,1,632.09,0,96.88
5521,2024-06-10,Furniture,Bookcases,South,Corporate,2,996.18,0.1,35.07
5522,2024-11-25,Furniture,Tables,North,Corporate,3,1820.73,0,470.62
5523,2024-05-17,Technology,Phones,South,Corporate,4,1069.88,0.1,259.84
5524,2024-06-28,Furniture,Tables,East,Consumer,1,679.82,0.3,-38.29
5525,2024-08-26,Technology,Phones,West,Corporate,4,2788.72,0,598.8
5526,2024-01-26,Office Supplies,Paper,NORTH,Corporate,1,189.41,0,29.84
5527,2024-07-10,Office Supplies,Binders,South,Home Office,5,1932.75,0.1,8.59
5528,2024-05-24,Technology,Copiers,East,Home Office,5,1441.45,0,216.13
5529,2024-11-08,Technology,Phones,West,Consumer,1,174.65,0.15,4.7
5530,2024-07-01,Technology,Phones,North,Home Office,4,453.92,0,-26.37
5531,2024-10-26,Office Supplies,Storage,north,Home Office,1,183.02,0.2,9.77
5532,2024-06-17,Office Supplies,Binders,west,Corporate,4,3113.08,0.1,345.83
5533,2024-09-26,Technology,Phones,South,Corporate,1,154.84,0.2,15.57
5534,2024-09-01,Furniture,Bookcases,North,Consumer,3,2047.26,0.2,491.71
5535,2024-03-21,Furniture,Furnishings,South,Consumer,2,1289.38,0.1,-95.01
5536,2024-09-21,Technology,Machines,east,Consumer,2,105.58,0.3,-10.88
5537,2024-09-27,Office Supplies,Paper,South,Consumer,1,193.4,0,58.42
5538,2024-04-09,Furniture,Chairs,West,Home Office,5,3361.5,0.15,-353.51
5539,2024-11-14,Furniture,Furnishings,North,Home Office,1,262.75,0,44.5
5540,2024-04-08,Technology,Machines,West,Consumer,1,696.73,0,110.85
5541,2024-02-05,Office Supplies,Storage,South,Corporate,1,475.89,0,48.67
5542,2024-08-16,Furniture,Furnishings,West,Home Office,2,764.86,0,65.71
5543,2024-12-13,Technology,Accessories,south,Corporate,1,328.68,0,71.33
5544,2024-10-18,Office Supplies,Storage,West,Corporate,1,42.9,0.3,6.43
5545,2024-09-21,Office Supplies,Art,West,Consumer,4,2399.28,0,778.93
5546,2024-10-22,Furniture,Bookcases,West,Home Office,1,278.65,0,34.75
5547,2024-10-11,Office Supplies,Paper,EAST,Consumer,5,1944.5,0.1,-22.16
5548,2024-11-16,Technology,Phones,East,Corporate,1,272.77,0.1,38.02
5549,2024-02-12,Technology,Machines,North,Corporate,5,3656.25,0.15,-447.53
5550,2024-07-01,Office Supplies,Storage,west,Home Office,1,162.59,0,35.5
5551,2024-07-09,Furniture,Tables,east,Consumer,1,589.4,0.2,143.1
5552,2024-07-27,Furniture,Tables,North,Consumer,1,41.49,0.1,10.43
5553,2024-03-20,Office Supplies,Art,North,Home Office,1,781.67,0,-84.38
5554,2024-12-21,Furniture,Chairs,NORTH,Home Office,1,98.75,0,-9.52
5555,2024-06-13,Furniture,Bookcases,South,Corporate,2,420.24,0,38.47
5556,2024-06-21,Furniture,Tables,south,Consumer,4,2110.52,0.1,218.64
5557,2024-01-15,Technology,Phones,West,Home Office,2,1412.58,0.15,200.11
5558,2024-09-05,Technology,Copiers,South,Home Office,2,296.58,0.1,-19.14
5559,2024-07-23,Technology,Phones,North,Corporate,4,637.4,0.1,122.87
5560,2024-03-11,Office Supplies,Storage,West,Home Office,2,321.56,0,79.14
5561,2024-05-26,Technology,Phones,East,Home Office,3,828.27,0.15,196.31
5562,2024-03-14,Office Supplies,Storage,North,Consumer,5,376.35,0.1,102.84
5563,2024-02-13,Technology,Copiers,NORTH,Consumer,2,1404.88,0.15,341.09
5564,2024-06-04,Office Supplies,Storage,North,Home Office,1,400.15,0.2,-0.11
5565,2024-09-17,Furniture,Bookcases,East,Consumer,3,1041.42,0.15,173.79
5566,2024-07-22,Technology,Machines,West,Corporate,4,1533.96,0,-194.56
5567,2024-12-24,Furniture,Bookcases,North,Home Office,1,287.78,0.3,7.71
5568,2024-02-03,Furniture,Bookcases,North,Consumer,5,3174.75,0,-134.27
5569,2024-10-06,Technology,Copiers,North,Corporate,1,519.72,0.3,-32.73
5570,2024-08-28,Furniture,Bookcases,east,Consumer,5,934.15,0,286.13
5571,2024-11-13,Furniture,Tables,East,Consumer,3,1510.38,0.1,-59.65
5572,2024-07-08,Office Supplies,Art,East,Home Office,4,1504.12,0.3,121.09
5573,2024-09-11,Furniture,Bookcases,South,Consumer,2,1425.32,0,426.8
5574,2024-09-16,Office Supplies,Art,East,Consumer,5,3897.75,0,-268.7
5575,2024-08-19,Furniture,Bookcases,West,Consumer,2,1547.56,0.1,193.43
5576,2024-02-10,Furniture,Bookcases,North,Corporate,2,1014.58,0.15,206.1
5577,2024-04-18,Technology,Machines,West,Home Office,5,2676.35,0,80.75
5578,2024-04-23,Technology,Accessories,east,Home Office,3,182.58,0,-8.25
5579,2024-11-04,Furniture,Tables,North,Consumer,4,945.96,0,327.36
5580,2024-02-09,Technology,Phones,EAST,Corporate,2,1434.44,0.2,-167.06
5581,2024-03-27,Office Supplies,Storage,SOUTH,Consumer,1,90.31,0,-1.47
5582,2024-01-03,Technology,Machines,West,Home Office,3,1998.09,0.1,-170.39
5583,2024-01-01,Technology,Machines,South,Home Office,1,794.93,0.15,78.16
5584,2024-03-12,Office Supplies,Paper,East,Home Office,2,423.0,0,-29.07
5585,2024-03-10,Furniture,Tables,North,Consumer,3,1374.06,0,178.95
5586,2024-07-05,Office Supplies,Art,North,Consumer,1,741.32,0,-21.53
5587,2024-07-14,Office Supplies,Paper,North,Home Office,2,772.66,0,-30.01
5588,2024-01-20,Technology,Phones,West,Consumer,1,166.59,0,-18.14
5589,2024-05-03,Office Supplies,Binders,East,Corporate,3,1876.17,0.1,-46.96
5590,2024-12-17,Furniture,Tables,East,Consumer,2,1486.82,0.15,-160.87
5591,2024-06-02,Furniture,Tables,north,Consumer,1,421.52,0.2,70.27
5592,2024-07-09,Technology,Copiers,south,Consumer,4,1474.2,0,444.18
5593,2024-02-18,Furniture,Tables,WEST,Corporate,4,949.08,0,16.59
5594,2024-12-28,Office Supplies,Storage,SOUTH,Corporate,2,129.18,0,-14.83
5595,2024-07-17,Technology,Accessories,East,Consumer,4,1583.48,0,-158.98
5596,2024-08-05,Office Supplies,Art,EAST,Home Office,1,63.02,0.1,-4.9
5597,2024-01-26,Technology,Phones,South,Home Office,4,2537.72,0,-237.42
5598,2024-05-12,Office Supplies,Paper,north,Home Office,1,559.42,0,29.83
5599,2024-03-03,Office Supplies,Paper,West,Consumer,3,1750.89,0.3,-39.71
5600,2024-02-22,Furniture,Bookcases,NORTH,Corporate,1,12.86,0,3.69
5601,2024-09-28,Furniture,Bookcases,East,Home Office,3,1077.51,0.2,209.06
5602,2024-12-11,Technology,Accessories,East,Corporate,1,305.22,0.15,33.61
5603,2024-07-22,Furniture,Bookcases,South,Corporate,3,469.5,0.15,-1.37
5604,2024-12-28,Furniture,Furnishings,East,Consumer,3,1315.8,0.15,-5.37
5605,2024-11-07,Office Supplies,Binders,East,Home Office,4,1468.4,0,300.47
5606,2024-11-07,Office Supplies,Storage,North,Home Office,5,973.55,0.3,45.04
5607,2024-09-02,Technology,Machines,East,Corporate,2,589.78,0,40.54
5608,2024-02-24,Technology,Machines,South,Corporate,5,2961.3,0,277.86
5609,2024-12-05,Office Supplies,Paper,East,Consumer,2,1361.16,0.3,313.4
5610,2024-03-23,Office Supplies,Art,South,Home Office,1,288.26,0,89.66
5611,2024-07-14,Furniture,Bookcases,North,Consumer,1,130.35,0.3,3.41
5612,2024-10-09,Furniture,Chairs,East,Corporate,1,319.64,0,12.67
5613,2024-03-22,Furniture,Bookcases,North,Corporate,1,503.41,0,-23.45
5614,2024-04-08,Technology,Accessories,EAST,Home Office,2,945.88,0.15,233.99
5615,2024-02-17,Furniture,Chairs,East,Home Office,2,213.3,0,14.99
5616,2024-06-13,Office Supplies,Storage,North,Consumer,1,526.57,0.1,-13.37
5617,2024-09-26,Technology,Accessories,West,Home Office,2,445.3,0.3,64.53
5618,2024-04-20,Office Supplies,Binders,North,Corporate,3,445.2,0.15,102.58
5619,2024-05-25,Technology,Copiers,South,Consumer,5,3004.4,0,16.03
5620,2024-03-12,Furniture,Chairs,NORTH,Consumer,1,351.75,0.15,23.26
5621,2024-02-17,Technology,Machines,East,Consumer,3,1200.09,0,-5.85
5622,2024-06-20,Technology,Accessories,South,Corporate,3,1355.46,0,-10.85
5623,2024-11-11,Furniture,Bookcases,North,Home Office,1,269.47,0.3,-17.55
5624,2024-04-13,Furniture,Furnishings,North,Corporate,1,137.97,0.2,-5.65
5625,2024-03-26,Technology,Copiers,East,Consumer,4,1484.92,0.3,320.59
5626,2024-11-13,Technology,Phones,North,Corporate,4,173.28,0.15,12.69
5627,2024-03-09,Furniture,Tables,North,Home Office,5,2596.05,0,521.98
5628,2024-12-16,Furniture,Bookcases,East,Consumer,4,1988.4,0,-26.12
5629,2024-06-19,Office Supplies,Paper,South,Home Office,1,604.97,0,58.56
5630,2024-02-20,Technology,Accessories,North,Consumer,3,108.66,0.2,29.21
5631,2024-03-27,Technology,Accessories,East,Consumer,3,85.38,0.15,21.42
5632,2024-04-11,Office Supplies,Binders,West,Consumer,4,1110.68,0,-93.47
5633,2024-02-02,Office Supplies,Binders,NORTH,Home Office,1,563.97,0.2,-4.79
5634,2024-10-26,Technology,Phones,South,Corporate,2,893.84,0,228.24
5635,2024-09-16,Technology,Machines,South,Home Office,3,1453.59,0,59.49
5636,2024-04-08,Technology,Copiers,West,Corporate,2,447.78,0.3,32.99
5637,2024-04-15,Furniture,Bookcases,WEST,Consumer,5,1504.45,0.15,30.65
5638,2024-06-16,Office Supplies,Binders,East,Consumer,4,2922.8,0.1,-189.0
5639,2024-04-26,Furniture,Furnishings,South,Home Office,1,526.41,0,14.03
5640,2024-08-10,Furniture,Bookcases,East,Consumer,2,957.36,0.3,-27.56
5641,2024-09-18,Office Supplies,Binders,east,Consumer,3,1365.06,0,273.48
5642,2024-07-27,Furniture,Bookcases,North,Home Office,2,709.96,0.2,117.41
5643,2024-09-05,Office Supplies,Paper,north,Consumer,2,369.48,0.3,17.33
5644,2024-04-06,Office Supplies,Paper,north,Home Office,2,946.5,0,66.1
5645,2024-08-02,Technology,Copiers,NORTH,Consumer,5,2601.85,0,309.5
5646,2024-11-12,Furniture,Bookcases,South,Consumer,2,184.8,0.3,-15.18
5647,2024-12-26,Technology,Accessories,east,Home Office,1,57.33,0.15,13.9
5648,2024-05-27,Furniture,Tables,south,Corporate,1,217.68,0,-5.4
5649,2024-07-04,Office Supplies,Art,South,Home Office,5,932.7,0,-86.53
5650,2024-04-07,Technology,Phones,West,Consumer,2,77.94,0.3,2.41
5651,2024-10-26,Technology,Copiers,South,Consumer,3,1802.91,0.2,98.86
5652,2024-07-07,Technology,Copiers,east,Corporate,4,195.16,0,15.74
5653,2024-07-01,Technology,Accessories,NORTH,Corporate,1,214.51,0.1,32.05
5654,2024-12-21,Furniture,Furnishings,South,Corporate,4,2989.72,0,512.16
5655,2024-12-11,Technology,Phones,EAST,Corporate,3,1445.37,0,-167.74
5656,2024-05-26,Furniture,Chairs,EAST,Corporate,3,1661.58,0,-153.22
5657,2024-06-23,Technology,Phones,EAST,Home Office,1,496.77,0.2,40.0
5658,2024-08-15,Office Supplies,Binders,North,Corporate,2,188.62,0,7.55
5659,2024-07-17,Furniture,Bookcases,West,Corporate,5,2246.9,0.3,-149.79
5660,2024-03-15,Furniture,Furnishings,East,Consumer,2,1225.26,0,37.61
5661,2024-04-04,Technology,Accessories,WEST,Corporate,3,69.48,0,-9.25
5662,2024-02-26,Office Supplies,Storage,West,Consumer,1,330.01,0.15,58.33
5663,2024-02-01,Furniture,Furnishings,EAST,Corporate,1,129.38,0,21.89
5664,2024-08-09,Furniture,Tables,NORTH,Corporate,3,601.14,0.3,139.77
5665,2024-02-04,Technology,Phones,West,Consumer,2,121.14,0.2,-4.13
5666,2024-07-01,Technology,Machines,west,Home Office,2,741.08,0,-0.34
5667,2024-06-08,Office Supplies,Binders,North,Corporate,2,201.6,0.15,45.63
5668,2024-05-20,Office Supplies,Storage,east,Home Office,3,2145.36,0.1,621.02
5669,2024-03-26,Office Supplies,Paper,South,Home Office,5,2254.2,0,-48.07
5670,2024-04-13,Technology,Accessories,east,Home Office,2,294.92,0.2,-24.07
5671,2024-09-22,Technology,Phones,South,Home Office,2,88.14,0,29.0
5672,2024-12-18,Office Supplies,Art,west,Home Office,4,3124.68,0,159.9
5673,2024-09-25,Technology,Copiers,west,Consumer,2,1588.24,0.1,-188.23
5674,2024-06-26,Furniture,Tables,North,Consumer,2,1429.54,0.1,112.77
5675,2024-03-06,Office Supplies,Storage,South,Home Office,1,132.98,0.15,13.0
5676,2024-12-18,Office Supplies,Storage,North,Consumer,1,783.6,0.3,7.98
5677,2024-01-14,Office Supplies,Storage,north,Corporate,1,310.12,0,21.8
5678,2024-07-09,Technology,Copiers,NORTH,Consumer,1,29.19,0,2.36
5679,2024-01-12,Office Supplies,Binders,South,Consumer,3,2374.98,0.3,-145.79
5680,2024-03-18,Technology,Phones,West,Corporate,2,440.04,0.1,-27.58
5681,2024-10-22,Furniture,Bookcases,West,Corporate,2,94.9,0.15,2.87
5682,2024-11-09,Furniture,Chairs,east,Home Office,4,906.12,0.1,194.86
5683,2024-06-04,Office Supplies,Art,West,Home Office,4,1998.12,0.3,-130.53
5684,2024-11-11,Technology,Accessories,SOUTH,Corporate,1,760.04,0.2,44.27
5685,2024-02-15,Furniture,Tables,north,Consumer,1,24.09,0.1,4.81
5686,2024-01-19,Technology,Phones,west,Consumer,2,395.72,0,65.37
5687,2024-01-11,Office Supplies,Art,North,Home Office,1,489.38,0.1,-21.46
5688,2024-07-28,Office Supplies,Binders,NORTH,Consumer,5,1985.05,0.1,595.01
5689,2024-11-09,Furniture,Furnishings,EAST,Corporate,2,1000.72,0,99.92
5690,2024-11-04,Technology,Copiers,North,Corporate,2,1175.76,0.3,84.21
5691,2024-01-20,Furniture,Chairs,West,Corporate,2,1070.72,0,197.22
5692,2024-07-04,Furniture,Furnishings,South,Corporate,2,1013.26,0.15,136.3
5693,2024-07-19,Office Supplies,Storage,South,Home Office,5,3969.25,0,258.9
5694,2024-01-23,Technology,Accessories,West,Home Office,2,1516.18,0,-115.38
5695,2024-03-26,Technology,Phones,SOUTH,Home Office,2,396.18,0.1,95.78
5696,2024-04-15,Technology,Machines,South,Consumer,3,2130.54,0,-156.01
5697,2024-09-09,Office Supplies,Paper,East,Consumer,5,1997.6,0,-136.66
5698,2024-03-13,Furniture,Furnishings,North,Consumer,1,745.18,0.15,126.92
5699,2024-08-27,Technology,Phones,West,Consumer,5,3292.1,0,966.73
5700,2024-05-04,Furniture,Bookcases,South,Consumer,5,768.65,0.1,115.44
5701,2024-07-22,Office Supplies,Paper,South,Home Office,1,680.58,0.15,42.81
5702,2024-03-08,Office Supplies,Paper,South,Corporate,4,2243.24,0.2,514.24
5703,2024-12-10,Furniture,Bookcases,North,Consumer,5,2729.45,0.3,492.3
5704,2024-03-06,Furniture,Furnishings,NORTH,Corporate,1,68.0,0.3,-6.98
5705,2024-11-02,Technology,Copiers,NORTH,Corporate,5,3776.6,0.2,225.97
5706,2024-07-23,Furniture,Furnishings,east,Home Office,2,1259.32,0.15,33.25
5707,2024-05-24,Furniture,Furnishings,north,Corporate,1,179.18,0,12.93
5708,2024-02-15,Furniture,Furnishings,East,Consumer,1,457.8,0.3,20.44
5709,2024-12-25,Office Supplies,Storage,WEST,Home Office,4,534.68,0.1,-26.27
5710,2024-07-21,Furniture,Furnishings,West,Corporate,1,450.1,0.2,79.29
5711,2024-05-11,Office Supplies,Paper,East,Consumer,2,1332.12,0,407.77
5712,2024-11-17,Technology,Copiers,south,Corporate,5,112.65,0.2,31.13
5713,2024-07-25,Furniture,Bookcases,West,Consumer,1,380.07,0.1,73.28
5714,2024-05-13,Technology,Phones,North,Consumer,1,337.6,0.15,51.94
5715,2024-04-03,Technology,Copiers,West,Consumer,2,839.78,0.15,160.35
5716,2024-11-19,Office Supplies,Storage,West,Consumer,3,1316.34,0.1,17.48
5717,2024-08-19,Office Supplies,Storage,West,Consumer,3,520.59,0,133.59
5718,2024-04-16,Furniture,Bookcases,East,Consumer,5,1229.8,0.15,57.15
5719,2024-12-03,Furniture,Chairs,north,Consumer,2,261.44,0.15,57.77
5720,2024-11-14,Office Supplies,Storage,NORTH,Corporate,1,108.22,0,10.12
5721,2024-05-06,Furniture,Furnishings,East,Consumer,2,306.68,0.3,49.66
5722,2024-07-25,Technology,Machines,South,Home Office,3,184.38,0,62.11
5723,2024-09-11,Technology,Machines,South,Consumer,2,384.44,0.3,2.55
5724,2024-06-10,Furniture,Furnishings,West,Home Office,2,387.04,0.2,-12.32
5725,2024-07-03,Furniture,Bookcases,West,Home Office,5,89.35,0.3,-8.45
5726,2024-11-18,Technology,Copiers,East,Corporate,3,1820.88,0.1,559.36
5727,2024-12-09,Office Supplies,Paper,East,Consumer,2,1071.68,0.3,-61.16
5728,2024-03-24,Office Supplies,Paper,East,Home Office,1,790.43,0.1,15.28
5729,2024-10-05,Furniture,Bookcases,East,Consumer,1,337.01,0,-30.88
5730,2024-07-09,Technology,Accessories,North,Home Office,4,2833.68,0,658.65
5731,2024-01-08,Technology,Machines,East,Home Office,2,382.5,0.3,-13.59
5732,2024-05-10,Office Supplies,Storage,EAST,Home Office,1,415.17,0,-33.77
5733,2024-03-14,Office Supplies,Binders,East,Home Office,2,157.0,0.1,14.05
5734,2024-05-18,Office Supplies,Binders,East,Home Office,1,385.69,0,118.06
5735,2024-04-02,Furniture,Bookcases,north,Consumer,1,563.46,0,-47.68
5736,2024-11-02,Technology,Copiers,East,Corporate,1,535.44,0,33.53
5737,2024-02-09,Office Supplies,Paper,North,Consumer,2,206.0,0,21.95
5738,2024-05-07,Furniture,Chairs,South,Consumer,3,1842.81,0.1,-183.27
5739,2024-01-16,Office Supplies,Storage,west,Corporate,2,336.46,0.15,28.97
5740,2024-06-05,Furniture,Furnishings,South,Consumer,1,160.45,0.15,28.86
5741,2024-01-10,Office Supplies,Storage,North,Home Office,4,1254.84,0.3,71.54
5742,2024-04-16,Office Supplies,Storage,East,Consumer,1,72.56,0.3,1.12
5743,2024-11-03,Technology,Copiers,South,Consumer,3,1698.72,0.2,-174.06
5744,2024-11-27,Furniture,Chairs,West,Home Office,2,454.84,0,25.13
5745,2024-04-24,Technology,Machines,north,Corporate,5,879.1,0,-119.6
5746,2024-01-14,Technology,Machines,South,Corporate,2,1121.88,0.15,332.68
5747,2024-08-25,Furniture,Furnishings,North,Consumer,2,296.42,0.3,22.02
5748,2024-02-15,Furniture,Furnishings,east,Consumer,4,1190.08,0,351.1
5749,2024-06-08,Technology,Accessories,SOUTH,Consumer,2,381.06,0,22.51
5750,2024-12-24,Furniture,Chairs,West,Home Office,1,609.26,0,137.26
5751,2024-08-25,Technology,Accessories,South,Home Office,2,285.06,0,36.43
5752,2024-02-04,Furniture,Bookcases,North,Corporate,4,2402.72,0,418.2
5753,2024-01-16,Technology,Accessories,North,Home Office,3,1823.73,0.15,-190.98
5754,2024-09-17,Office Supplies,Art,WEST,Consumer,2,837.36,0,53.11
5755,2024-12-04,Office Supplies,Storage,North,Corporate,2,803.28,0,117.2
5756,2024-01-23,Office Supplies,Binders,South,Consumer,2,1394.88,0.2,13.3
5757,2024-08-15,Furniture,Tables,South,Home Office,2,204.4,0,50.92
5758,2024-12-26,Office Supplies,Binders,East,Home Office,2,1465.62,0,91.33
5759,2024-10-05,Furniture,Chairs,West,Corporate,1,559.78,0,33.85
5760,2024-10-11,Furniture,Chairs,South,Consumer,1,357.28,0.3,68.16
5761,2024-01-04,Technology,Machines,North,Home Office,2,668.48,0.15,-35.46
5762,2024-09-07,Technology,Machines,North,Corporate,1,692.3,0.15,93.68
5763,2024-05-15,Technology,Machines,East,Home Office,5,2916.8,0,-55.42
5764,2024-03-07,Office Supplies,Paper,South,Corporate,4,1089.88,0.1,254.36
5765,2024-06-02,Office Supplies,Art,West,Consumer,2,1325.62,0.2,-26.17
5766,2024-03-05,Technology,Machines,South,Corporate,2,1597.7,0.3,89.88
5767,2024-11-25,Technology,Accessories,south,Corporate,3,658.47,0.2,108.19
5768,2024-04-04,Office Supplies,Paper,North,Consumer,5,1222.45,0.1,14.74
5769,2024-12-26,Furniture,Bookcases,East,Home Office,1,561.51,0.15,84.46
5770,2024-09-03,Furniture,Chairs,north,Corporate,5,2535.1,0.3,115.08
5771,2024-05-28,Furniture,Furnishings,East,Corporate,5,513.25,0.2,98.5
5772,2024-11-23,Technology,Machines,North,Home Office,4,1063.68,0,-14.64
5773,2024-06-19,Furniture,Tables,NORTH,Corporate,1,526.88,0,166.17
5774,2024-09-06,Furniture,Tables,east,Consumer,1,200.99,0.15,18.29
5775,2024-02-01,Furniture,Furnishings,west,Corporate,4,1044.84,0,-143.32
5776,2024-02-17,Furniture,Tables,South,Home Office,4,539.0,0.1,84.6
5777,2024-03-15,Technology,Machines,east,Corporate,2,305.0,0,12.98
5778,2024-09-11,Technology,Machines,South,Consumer,3,2242.02,0.3,350.62
5779,2024-06-11,Furniture,Chairs,East,Consumer,5,1659.6,0.15,-142.55
5780,2024-12-25,Furniture,Furnishings,East,Consumer,2,1115.24,0,26.45
5781,2024-06-10,Technology,Accessories,West,Consumer,2,1140.22,0,254.03
5782,2024-09-18,Furniture,Bookcases,West,Corporate,3,889.14,0,-72.03
5783,2024-07-02,Furniture,Bookcases,North,Home Office,1,649.89,0.15,-4.72
5784,2024-02-05,Technology,Accessories,West,Home Office,1,91.3,0,29.84
5785,2024-12-08,Office Supplies,Binders,SOUTH,Consumer,5,3126.65,0,121.02
5786,2024-01-27,Furniture,Tables,West,Corporate,5,966.65,0,2.03
5787,2024-11-20,Technology,Copiers,North,Consumer,2,224.16,0.15,48.1
5788,2024-12-16,Technology,Machines,North,Home Office,3,2044.2,0,-297.47
5789,2024-11-16,Office Supplies,Art,East,Consumer,1,733.37,0.1,-73.81
5790,2024-08-21,Technology,Copiers,east,Home Office,1,361.33,0.15,82.65
5791,2024-06-16,Technology,Copiers,East,Home Office,5,3826.75,0.2,-126.52
5792,2024-12-05,Office Supplies,Binders,WEST,Corporate,3,1031.4,0.2,220.49
5793,2024-07-09,Furniture,Tables,south,Consumer,2,109.26,0.15,5.5
5794,2024-12-21,Technology,Copiers,East,Home Office,4,576.84,0.1,42.54
5795,2024-06-06,Office Supplies,Art,NORTH,Home Office,4,2757.68,0,763.29
5796,2024-10-20,Office Supplies,Paper,south,Home Office,1,269.71,0.15,6.11
5797,2024-06-23,Office Supplies,Art,North,Corporate,2,1309.2,0,-81.28
5798,2024-06-08,Furniture,Chairs,West,Home Office,3,276.21,0,-11.64
5799,2024-02-18,Office Supplies,Storage,east,Consumer,2,1120.04,0.2,27.15
5800,2024-06-14,Technology,Copiers,East,Consumer,1,755.86,0,-107.22
5801,2024-11-15,Furniture,Chairs,South,Home Office,1,479.5,0,-54.78
5802,2024-12-26,Technology,Machines,EAST,Consumer,5,3400.25,0.1,756.79
5803,2024-08-22,Furniture,Bookcases,East,Home Office,5,3379.55,0.1,485.58
5804,2024-09-18,Technology,Accessories,North,Consumer,5,2320.7,0,577.85
5805,2024-05-14,Office Supplies,Storage,South,Home Office,1,12.3,0,3.22
5806,2024-11-23,Technology,Accessories,south,Home Office,1,574.51,0.3,-54.83
5807,2024-04-08,Office Supplies,Storage,NORTH,Corporate,3,280.92,0.1,-11.46
5808,2024-08-19,Furniture,Tables,north,Consumer,1,266.22,0,92.5
5809,2024-07-26,Furniture,Furnishings,West,Corporate,2,311.3,0,59.07
5810,2024-04-22,Furniture,Furnishings,WEST,Home Office,5,1512.95,0,-163.43
5811,2024-11-05,Technology,Copiers,West,Corporate,3,2079.84,0.1,-106.61
5812,2024-03-11,Office Supplies,Storage,North,Home Office,2,371.92,0.2,76.59
5813,2024-09-16,Furniture,Tables,West,Corporate,2,871.44,0.3,172.81
5814,2024-02-03,Furniture,Tables,East,Corporate,2,206.18,0,45.86
5815,2024-01-17,Technology,Copiers,North,Home Office,2,316.92,0.15,86.14
5816,2024-06-21,Furniture,Tables,East,Consumer,3,486.69,0,-23.88
5817,2024-01-02,Furniture,Tables,East,Home Office,4,984.96,0.15,170.49
5818,2024-12-15,Furniture,Chairs,West,Corporate,2,1585.02,0,489.72
5819,2024-11-23,Technology,Copiers,South,Consumer,4,1507.52,0.15,-21.08
5820,2024-01-03,Technology,Copiers,north,Corporate,5,3913.35,0.1,906.47
5821,2024-02-26,Furniture,Furnishings,North,Corporate,1,222.42,0.1,-20.73
5822,2024-11-11,Technology,Accessories,West,Consumer,3,34.5,0.15,1.69
5823,2024-04-06,Technology,Accessories,NORTH,Consumer,2,1596.56,0.1,494.67
5824,2024-08-07,Furniture,Bookcases,West,Home Office,4,1000.76,0,233.77
5825,2024-04-10,Office Supplies,Art,South,Home Office,1,680.12,0.2,23.89
5826,2024-02-10,Furniture,Furnishings,WEST,Consumer,3,322.26,0,90.86
5827,2024-10-17,Furniture,Chairs,SOUTH,Consumer,1,500.44,0.1,21.34
5828,2024-11-15,Office Supplies,Storage,South,Corporate,1,364.43,0.15,25.77
5829,2024-11-21,Office Supplies,Paper,South,Home Office,3,1416.81,0.3,125.25
5830,2024-12-22,Technology,Phones,SOUTH,Consumer,4,454.08,0,-31.56
5831,2024-08-01,Furniture,Chairs,East,Consumer,5,1076.95,0,299.56
5832,2024-03-01,Furniture,Furnishings,East,Corporate,3,2014.35,0.2,237.34
5833,2024-08-22,Technology,Phones,SOUTH,Corporate,1,667.79,0.1,177.74
5834,2024-10-18,Furniture,Furnishings,NORTH,Consumer,4,639.6,0.15,87.06
5835,2024-05-03,Office Supplies,Binders,north,Home Office,5,506.3,0.1,10.54
5836,2024-07-19,Furniture,Furnishings,East,Corporate,1,541.95,0,-12.71
5837,2024-03-05,Office Supplies,Binders,West,Consumer,5,1147.9,0.2,166.18
5838,2024-04-08,Furniture,Tables,West,Consumer,1,126.1,0,10.65
5839,2024-10-17,Technology,Machines,North,Consumer,1,31.04,0,4.26
5840,2024-10-14,Technology,Phones,North,Consumer,3,2313.81,0,747.75
5841,2024-12-26,Office Supplies,Art,South,Home Office,4,2967.16,0,994.92
5842,2024-04-14,Furniture,Tables,South,Corporate,5,1904.0,0.2,312.05
5843,2024-05-14,Office Supplies,Art,West,Home Office,5,2965.65,0.2,437.95
5844,2024-01-21,Office Supplies,Binders,West,Home Office,2,278.8,0.3,0.81
5845,2024-08-15,Furniture,Furnishings,WEST,Consumer,2,775.3,0,89.2
5846,2024-02-12,Office Supplies,Paper,WEST,Home Office,2,257.46,0.3,1.75
5847,2024-03-05,Technology,Copiers,West,Consumer,1,725.38,0,36.06
5848,2024-01-21,Office Supplies,Paper,West,Home Office,3,1439.4,0.3,-32.33
5849,2024-10-03,Technology,Phones,South,Home Office,4,1014.36,0.1,156.56
5850,2024-04-08,Office Supplies,Art,east,Home Office,2,448.08,0.1,89.27
5851,2024-07-17,Technology,Phones,South,Consumer,5,2775.6,0,684.38
5852,2024-08-03,Furniture,Chairs,East,Consumer,2,602.2,0.3,-31.47
5853,2024-04-19,Office Supplies,Paper,North,Home Office,2,1383.78,0,-52.24
5854,2024-12-24,Office Supplies,Art,NORTH,Corporate,4,780.96,0.3,84.6
5855,2024-03-08,Furniture,Bookcases,north,Home Office,4,473.0,0.15,123.54
5856,2024-12-26,Office Supplies,Paper,WEST,Consumer,3,846.96,0,225.97
5857,2024-05-15,Furniture,Bookcases,WEST,Corporate,1,212.73,0.2,48.8
5858,2024-08-06,Furniture,Tables,South,Consumer,1,258.06,0,28.08
5859,2024-01-25,Furniture,Tables,south,Corporate,3,1175.04,0,264.7
5860,2024-04-08,Office Supplies,Paper,South,Consumer,1,265.57,0.2,-23.78
5861,2024-09-05,Office Supplies,Storage,North,Consumer,3,1235.25,0.1,155.56
5862,2024-02-04,Office Supplies,Storage,North,Home Office,2,187.68,0,-6.07
5863,2024-11-26,Technology,Phones,East,Consumer,5,3060.55,0.1,904.03
5864,2024-03-01,Furniture,Furnishings,north,Home Office,3,347.88,0.3,67.91
5865,2024-10-09,Furniture,Chairs,North,Corporate,1,694.7,0,-71.61
5866,2024-10-14,Office Supplies,Paper,north,Consumer,5,2052.9,0,-191.0
5867,2024-05-09,Furniture,Tables,NORTH,Consumer,4,2556.48,0.15,107.5
5868,2024-01-12,Office Supplies,Binders,SOUTH,Corporate,4,1413.12,0.15,48.59
5869,2024-10-16,Technology,Copiers,SOUTH,Corporate,1,573.24,0,163.14
5870,2024-11-03,Office Supplies,Storage,West,Corporate,2,200.8,0,21.09
5871,2024-04-12,Technology,Accessories,West,Corporate,2,420.76,0.3,0.15
5872,2024-11-20,Technology,Machines,South,Home Office,1,30.61,0.2,-0.0
5873,2024-07-12,Technology,Copiers,East,Consumer,1,631.59,0.2,40.45
5874,2024-05-21,Furniture,Chairs,South,Consumer,4,1849.92,0.1,211.79
5875,2024-01-15,Office Supplies,Art,North,Corporate,1,750.08,0.1,31.44
5876,2024-09-18,Office Supplies,Storage,SOUTH,Consumer,2,585.0,0,135.27
5877,2024-10-04,Furniture,Furnishings,North,Corporate,4,2000.76,0,-264.3
5878,2024-11-03,Office Supplies,Binders,SOUTH,Consumer,3,1868.07,0,379.82
5879,2024-06-22,Technology,Phones,East,Corporate,1,154.1,0.15,26.5
5880,2024-08-04,Furniture,Chairs,North,Home Office,3,1395.03,0,316.06
5881,2024-04-05,Furniture,Furnishings,North,Home Office,5,466.25,0.3,92.84
5882,2024-06-23,Technology,Copiers,East,Consumer,1,632.42,0.3,52.95
5883,2024-12-08,Furniture,Furnishings,east,Corporate,2,910.78,0.1,2.92
5884,2024-06-22,Technology,Accessories,south,Corporate,2,125.34,0,11.19
5885,2024-08-05,Furniture,Bookcases,EAST,Consumer,5,3991.55,0,-502.8
5886,2024-09-19,Technology,Copiers,West,Consumer,1,68.0,0.1,-5.24
5887,2024-12-15,Office Supplies,Storage,North,Home Office,2,223.1,0.15,33.75
5888,2024-02-21,Technology,Machines,WEST,Home Office,2,269.98,0.3,-5.46
5889,2024-11-09,Office Supplies,Binders,South,Home Office,2,1338.1,0.15,303.71
5890,2024-09-03,Furniture,Bookcases,North,Corporate,5,3508.6,0.2,-46.98
5891,2024-11-05,Office Supplies,Art,NORTH,Consumer,3,176.16,0.2,-2.91
5892,2024-12-11,Furniture,Chairs,EAST,Home Office,2,973.96,0,-95.29
5893,2024-08-25,Office Supplies,Storage,North,Consumer,1,297.42,0,82.5
5894,2024-11-07,Furniture,Tables,North,Home Office,2,1578.58,0,243.5
5895,2024-11-24,Technology,Machines,east,Home Office,4,1876.6,0.1,-189.3
5896,2024-04-19,Technology,Machines,West,Consumer,4,696.08,0,90.9
5897,2024-03-12,Technology,Accessories,South,Corporate,4,633.72,0.1,149.54
5898,2024-12-26,Technology,Accessories,EAST,Corporate,1,239.64,0.15,-24.53
5899,2024-03-12,Furniture,Furnishings,East,Home Office,2,597.28,0,69.56
5900,2024-05-21,Technology,Copiers,West,Home Office,3,1666.38,0,-78.45
5011,2024-02-06,Office Supplies,Paper,South,Corporate,2,654.6,0,190.94
5201,2024-07-04,Office Supplies,Paper,East,Corporate,2,1232.26,0.3,133.15
